{
    "type": "origins:multiple",
    "name": "§l§cObligate Carnivore",
    "description": "Your monstrous biology only processes raw flesh. You can only consume meat - beef, pork, chicken, mutton, rabbit, fish, and even rotten flesh sustain you. All plant matter is inedible.",
    "restrict_food": {
        "type": "origins:prevent_item_use",
        "item_condition": {
            "type": "origins:and",
            "conditions": [
                {
                    "type": "origins:food"
                },
                {
                    "type": "origins:ingredient",
                    "ingredient": {
                        "item": "minecraft:cooked_beef"
                    },
                    "inverted": true
                },
                {
                    "type": "origins:ingredient",
                    "ingredient": {
                        "item": "minecraft:beef"
                    },
                    "inverted": true
                },
                {
                    "type": "origins:ingredient",
                    "ingredient": {
                        "item": "minecraft:cooked_porkchop"
                    },
                    "inverted": true
                },
                {
                    "type": "origins:ingredient",
                    "ingredient": {
                        "item": "minecraft:porkchop"
                    },
                    "inverted": true
                },
                {
                    "type": "origins:ingredient",
                    "ingredient": {
                        "item": "minecraft:cooked_chicken"
                    },
                    "inverted": true
                },
                {
                    "type": "origins:ingredient",
                    "ingredient": {
                        "item": "minecraft:chicken"
                    },
                    "inverted": true
                },
                {
                    "type": "origins:ingredient",
                    "ingredient": {
                        "item": "minecraft:cooked_mutton"
                    },
                    "inverted": true
                },
                {
                    "type": "origins:ingredient",
                    "ingredient": {
                        "item": "minecraft:mutton"
                    },
                    "inverted": true
                },
                {
                    "type": "origins:ingredient",
                    "ingredient": {
                        "item": "minecraft:cooked_rabbit"
                    },
                    "inverted": true
                },
                {
                    "type": "origins:ingredient",
                    "ingredient": {
                        "item": "minecraft:rabbit"
                    },
                    "inverted": true
                },
                {
                    "type": "origins:ingredient",
                    "ingredient": {
                        "item": "minecraft:cooked_cod"
                    },
                    "inverted": true
                },
                {
                    "type": "origins:ingredient",
                    "ingredient": {
                        "item": "minecraft:cod"
                    },
                    "inverted": true
                },
                {
                    "type": "origins:ingredient",
                    "ingredient": {
                        "item": "minecraft:cooked_salmon"
                    },
                    "inverted": true
                },
                {
                    "type": "origins:ingredient",
                    "ingredient": {
                        "item": "minecraft:salmon"
                    },
                    "inverted": true
                },
                {
                    "type": "origins:ingredient",
                    "ingredient": {
                        "item": "minecraft:tropical_fish"
                    },
                    "inverted": true
                },
                {
                    "type": "origins:ingredient",
                    "ingredient": {
                        "item": "minecraft:pufferfish"
                    },
                    "inverted": true
                },
                {
                    "type": "origins:ingredient",
                    "ingredient": {
                        "item": "minecraft:rotten_flesh"
                    },
                    "inverted": true
                },
                {
                    "type": "origins:ingredient",
                    "ingredient": {
                        "item": "minecraft:spider_eye"
                    },
                    "inverted": true
                },
                {
                    "type": "origins:ingredient",
                    "ingredient": {
                        "item": "minecraft:rabbit_stew"
                    },
                    "inverted": true
                }
            ]
        }
    }
}
