{
    "type": "origins:multiple",
    "name": "\u00a7a\u00a7lWall Crawler",
    "description": "You possess the uncanny ability to scale vertical surfaces with ease.",
    "climbing": {
        "type": "origins:climbing",
        "allow_holding": false,
        "condition": {
            "type": "origins:and",
            "conditions": [
                {
                    "type": "origins:collided_horizontally"
                },
                {
                    "type": "origins:sneaking",
                    "inverted": true
                }
            ]
        }
    }
}