{
    "type": "origins:action_over_time",
    "name": "§9§lSavage Claws",
    "description": "Your bare claws are deadly weapons, dealing 4 hearts of damage. Holding tools reduces your natural attack power to normal levels.",
    "interval": 1,
    "entity_action":{
        "type": "origins:if_else",
        "condition": {
            "type": "origins:equipped_item",
            "equipment_slot": "mainhand",
            "item_condition": {
                "type": "origins:empty"
            }
        },
        "if_action": {
            "type": "origins:execute_command",
            "command": "attribute @s minecraft:generic.attack_damage base set 6"
        },
        "else_action": {
            "type": "origins:execute_command",
            "command": "attribute @s minecraft:generic.attack_damage base set 1"
        }
    }
}