{
    "type": "origins:multiple",
    "name": "§l§8Master of §nThe Upside Down",
    "description": "This twisted dimension is your home territory. While in the Upside Down, you gain Night Vision to see through the eternal darkness, along with Strength, Resistance, and Regeneration. Here, you are truly unstoppable.",
    "born_in_dark_nightvision": {
        "type": "origins:night_vision",
        "condition": {
            "type": "origins:dimension",
            "dimension": "demo:upside_down"
        }
    },
    "born_in_dark_effects": {
        "type": "origins:action_over_time",
        "interval": 1,
        "entity_action": {
            "type": "origins:and",
            "actions": [
                {
                    "type": "origins:execute_command",
                    "command": "effect give @s minecraft:strength 2 0 true"
                },
                {
                    "type": "origins:execute_command",
                    "command": "effect give @s minecraft:resistance 2 0 true"
                },
                {
                    "type": "origins:execute_command",
                    "command": "effect give @s minecraft:regeneration 2 0 true"
                }
            ]
        },
        "condition": {
            "type": "origins:dimension",
            "dimension": "demo:upside_down"
        }
    }
}
