{
    "type": "origins:action_when_damage_taken",
    "name": "§6§lCritical Weakness: Fire",
    "description": "Despite your resilience, fire is your Achilles heel. Any fire damage causes catastrophic harm, dealing an additional 10 hearts of damage. Avoid flames at all costs.",
    "entity_action": {
        "type": "origins:and",
        "actions": [
            {
                "type": "origins:execute_command",
                "command": "damage @s 10 minecraft:on_fire"
            }
        ]
    },
    "damage_condition": {
        "type": "origins:in_tag",
        "tag": "minecraft:is_fire"
    },
    "cooldown": 1
}
