{
    "type": "origins:multiple",
    "name": "§5§lDimensional gates",
    "description": "Your connection to the Upside Down allows you to tear open temporary gateways between dimensions. Press your primary key while standing on solid ground to create a gate. These §lrifts§r last for 3 minutes (3600 ticks) before collapsing, with crimson particles appearing in the final moments as a warning. §lWalk into any gateway§r to be pulled through, teleporting to the same coordinates in the opposite dimension. §lUpon arrival§r, a paired gateway automatically spawns at your destination, creating a two-way link. Your ability kills any existing gateways within 50 blocks before creating a new one, ensuring you maintain control over your rifts. §lAfter teleporting§r, you cannot use gateways again for 3 seconds (60 ticks) to prevent accidental returns, and your ability enters a 10-second cooldown. You can also not enter the gates while the ability is on cooldown. Note: Creating a new gateway destroys ALL your previous portals in both dimensions within 50 blocks, so plan your rift network carefully.",
    
    "gateway_cooldown": {
        "type": "origins:resource",
        "min": 0,
        "max": 200,
        "start_value": 0,
        "hud_render": {
            "should_render": true,
            "sprite_location": "origins:textures/gui/community/spiderkolo/resource_bar_01.png",
            "bar_index": 3
        }
    },
    
    "gateway_cooldown_tick": {
        "type": "origins:action_over_time",
        "interval": 1,
        "entity_action": {
            "type": "origins:change_resource",
            "resource": "*:*_gateway_cooldown",
            "change": -1
        },
        "condition": {
            "type": "origins:resource",
            "resource": "*:*_gateway_cooldown",
            "comparison": ">",
            "compare_to": 0
        }
    },
    
    "spawn_gateway_overworld": {
        "type": "origins:active_self",
        "entity_action": {
            "type": "origins:and",
            "actions": [
                {
                    "type": "origins:execute_command",
                    "command": "function demo:teleport_to_upside_down"
                },
                {
                    "type": "origins:change_resource",
                    "resource": "*:*_gateway_cooldown",
                    "change": 200
                },
                {
                    "type": "origins:execute_command",
                    "command": "playsound minecraft:entity.allay.hurt player @s ~ ~ ~ 1.0 0.3"
                },
                {
                    "type": "origins:execute_command",
                    "command": "particle minecraft:falling_lava ~ ~1 ~ 1 1 1 2 200 force"
                },
                {
                    "type": "origins:execute_command",
                    "command": "particle minecraft:dust{color:[1.0,0.55,0.2],scale:0.7} ~ ~1 ~ 1 1 1 1 100 force"
                }
            ]
        },
        "condition": {
            "type": "origins:and",
            "conditions": [
                {
                    "type": "origins:resource",
                    "resource": "*:*_gateway_cooldown",
                    "comparison": "==",
                    "compare_to": 0
                },
                {
                    "type": "origins:on_block"
                },
                {
                    "type": "origins:fluid_height",
                    "fluid": "minecraft:water",
                    "comparison": "==",
                    "compare_to": 0.0
                },
                {
                    "type": "origins:dimension",
                    "dimension": "minecraft:overworld"
                }
            ]
        },
        "cooldown": 1,
        "hud_render": {
            "should_render": true,
            "sprite_location": "origins:textures/gui/community/spiderkolo/resource_bar_02.png",
            "bar_index": 6
        },
        "key": {
            "key": "key.origins.primary_active"
        }
    },
    "spawn_gateway_upside_down": {
        "type": "origins:active_self",
        "entity_action": {
            "type": "origins:and",
            "actions": [
                {
                    "type": "origins:execute_command",
                    "command": "function demo:teleport_to_overworld"
                },
                {
                    "type": "origins:change_resource",
                    "resource": "*:*_gateway_cooldown",
                    "change": 200
                },
                {
                    "type": "origins:execute_command",
                    "command": "playsound minecraft:entity.allay.hurt player @s ~ ~ ~ 1.0 0.3"
                },
                {
                    "type": "origins:execute_command",
                    "command": "particle minecraft:falling_lava ~ ~1 ~ 1 1 1 2 200 force"
                },
                {
                    "type": "origins:execute_command",
                    "command": "particle minecraft:dust{color:[1.0,0.55,0.2],scale:0.7} ~ ~1 ~ 1 1 1 1 100 force"
                }
            ]
        },
        "condition": {
            "type": "origins:and",
            "conditions": [
                {
                    "type": "origins:resource",
                    "resource": "*:*_gateway_cooldown",
                    "comparison": "==",
                    "compare_to": 0
                },
                {
                    "type": "origins:on_block"
                },
                {
                    "type": "origins:fluid_height",
                    "fluid": "minecraft:water",
                    "comparison": "==",
                    "compare_to": 0.0
                },
                {
                    "type": "origins:dimension",
                    "dimension": "demo:upside_down"
                }
            ]
        },
        "cooldown": 1,
        "hud_render": {
            "should_render": true,
            "sprite_location": "origins:textures/gui/community/spiderkolo/resource_bar_02.png",
            "bar_index": 6
        },
        "key": {
            "key": "key.origins.primary_active"
        }
    }
}