{
    "type": "origins:action_on_callback",
    "name": "§4§lApex Predator",
    "description": "Your monstrous size grants you immense physical power. You are 25% larger, move with frightening speed (Speed IV), leap higher, and possess natural armor plating.",
    "entity_action_gained": {
        "type": "origins:and",
        "actions": [
            {
                "type": "origins:execute_command",
                "command": "scale set pehkui:height 1.25 @s"
            },
            {
                "type": "origins:execute_command",
                "command": "effect give @s minecraft:speed infinite 3 true"
            },
            {
                "type": "origins:execute_command",
                "command": "attribute @s minecraft:generic.jump_strength base set 0.75"
            },
            {
                "type": "origins:execute_command",
                "command": "attribute @s minecraft:generic.armor base set 10"
            },
            {
                "type": "origins:execute_command",
                "command": "attribute @s minecraft:generic.safe_fall_distance base set 10"
            }
        ]
    },
    "entity_action_respawned": {
        "type": "origins:and",
        "actions": [
            {
                "type": "origins:execute_command",
                "command": "scale set pehkui:height 1.25 @s"
            },
            {
                "type": "origins:execute_command",
                "command": "effect give @s minecraft:speed infinite 3 true"
            },
            {
                "type": "origins:execute_command",
                "command": "attribute @s minecraft:generic.jump_strength base set 0.75"
            },
            {
                "type": "origins:execute_command",
                "command": "attribute @s minecraft:generic.armor base set 10"
            },
            {
                "type": "origins:execute_command",
                "command": "attribute @s minecraft:generic.safe_fall_distance base set 10"
            }
        ]
    },
    "entity_action_lost": {
        "type": "origins:and",
        "actions": [
            {
                "type": "origins:execute_command",
                "command": "scale set pehkui:height 1 @s"
            },
            {
                "type": "origins:execute_command",
                "command": "effect clear @s minecraft:speed"
            },
            {
                "type": "origins:execute_command",
                "command": "attribute @s minecraft:generic.jump_strength base set 0.4"
            },
            {
                "type": "origins:execute_command",
                "command": "attribute @s minecraft:generic.attack_damage base set 1"
            },
            {
                "type": "origins:execute_command",
                "command": "attribute @s minecraft:generic.armor base set 0"
            },
            {
                "type": "origins:execute_command",
                "command": "attribute @s minecraft:generic.safe_fall_distance base set 3"
            }
        ]
    },
    "execute_chosen_when_orb": true
}
