{
    "type": "origins:action_on_hit",
    "name": "§l§4Gaping Maw",
    "description": "When striking a meaty creature (villagers, cows, pigs, sheep, zombies, hoglins) with 2 hearts or less, your terrifying mouth opens wide to devour them whole. The victim vanishes in a spray of blood as you consume their essence, fully sating your hunger.",
    "bientity_action": {
        "type": "origins:and",
        "actions": [
            {
                "type": "origins:target_action",
                "action": {
                    "type": "origins:execute_command",
                    "command": "particle minecraft:dust{color:[1, 0, 0], scale:4} ~ ~ ~ 0.25 1 0.25 1 50"
                }
            },
            {
                "type": "origins:target_action",
                "action": {
                    "type": "origins:execute_command",
                    "command": "playsound minecraft:entity.armadillo.hurt hostile @a ~ ~ ~ 2 0.5"
                }
            },
            {
                "type": "origins:target_action",
                "action": {
                    "type": "origins:execute_command",
                    "command": "tp @s ~ ~-500 ~"
                }
            },
            {
                "type": "origins:actor_action",
                "action": {
                    "type": "origins:execute_command",
                    "command": "effect give @s minecraft:saturation 1 3 true"
                }
            }
        ]
    },
    "bientity_condition": {
        "type": "origins:and",
        "conditions": [
            {
                "type": "origins:target_condition",
                "condition": {
                    "type": "origins:health",
                    "comparison": "<=",
                    "compare_to": 2.0
                }
            },
            {
                "type": "origins:or",
                "conditions": [
                {
                    "type": "origins:target_condition",
                    "condition": {
                        "type": "origins:command",
                        "command": "execute if entity @s[type=minecraft:villager]",
                        "comparison": "==",
                        "compare_to": 1
                    }        
                },
                {
                    "type": "origins:target_condition",
                    "condition": {
                        "type": "origins:command",
                        "command": "execute if entity @s[type=minecraft:cow]",
                        "comparison": "==",
                        "compare_to": 1
                    }        
                },
                {
                    "type": "origins:target_condition",
                    "condition": {
                        "type": "origins:command",
                        "command": "execute if entity @s[type=minecraft:pig]",
                        "comparison": "==",
                        "compare_to": 1
                    }        
                },
                {
                    "type": "origins:target_condition",
                    "condition": {
                        "type": "origins:command",
                        "command": "execute if entity @s[type=minecraft:sheep]",
                        "comparison": "==",
                        "compare_to": 1
                    }        
                },
                {
                    "type": "origins:target_condition",
                    "condition": {
                        "type": "origins:command",
                        "command": "execute if entity @s[type=minecraft:zombie]",
                        "comparison": "==",
                        "compare_to": 1
                    }        
                },
                {
                    "type": "origins:target_condition",
                    "condition": {
                        "type": "origins:command",
                        "command": "execute if entity @s[type=minecraft:husk]",
                        "comparison": "==",
                        "compare_to": 1
                    }        
                },
                {
                    "type": "origins:target_condition",
                    "condition": {
                        "type": "origins:command",
                        "command": "execute if entity @s[type=minecraft:drowned]",
                        "comparison": "==",
                        "compare_to": 1
                    }        
                },
                {
                    "type": "origins:target_condition",
                    "condition": {
                        "type": "origins:command",
                        "command": "execute if entity @s[type=minecraft:zombie_villager]",
                        "comparison": "==",
                        "compare_to": 1
                    }        
                },
                {
                    "type": "origins:target_condition",
                    "condition": {
                        "type": "origins:command",
                        "command": "execute if entity @s[type=minecraft:hoglin]",
                        "comparison": "==",
                        "compare_to": 1
                    }        
                },
                {
                    "type": "origins:target_condition",
                    "condition": {
                        "type": "origins:command",
                        "command": "execute if entity @s[type=minecraft:zoglin]",
                        "comparison": "==",
                        "compare_to": 1
                    }        
                }
            ]
            }
        ]
    }
}
