{
  "feature": "demo:upside_down_tree",
  "placement": [
    {
      "type": "minecraft:count",
      "count": {
        "type": "minecraft:weighted_list",
        "distribution": [
          {
            "data": 0,
            "weight": 2
          },
          {
            "data": 3,
            "weight": 1
          }
        ]
      }
    },
    {
      "type": "minecraft:in_square"
    },
    {
      "type": "minecraft:heightmap",
      "heightmap": "WORLD_SURFACE"
    },
    {
      "type": "minecraft:biome"
    }
  ]
}
