{
  "type": "minecraft:tree",
  "config": {
    "trunk_provider": {
      "type": "minecraft:simple_state_provider",
      "state": {
        "Name": "minecraft:acacia_wood"
      }
    },

    "foliage_provider": {
      "type": "minecraft:simple_state_provider",
      "state": {
        "Name": "minecraft:air"
      }
    },

    "dirt_provider": {
      "type": "minecraft:simple_state_provider",
      "state": {
        "Name": "minecraft:dirt"
      }
    },

    "trunk_placer": {
      "type": "minecraft:forking_trunk_placer",
      "base_height": 14,
      "height_rand_a": 3,
      "height_rand_b": 2
    },

    "foliage_placer": {
      "type": "minecraft:blob_foliage_placer",
      "radius": 0,
      "offset": 0,
      "height": 0
    },

    "minimum_size": {
      "type": "minecraft:two_layers_feature_size",
      "limit": 1,
      "upper_size": 0,
      "lower_size": 0
    },

    "decorators": [],

    "ignore_vines": true
  }
}
